id,name
eaa5b497-8d70-4464-8cf0-c2276356925d,east coast hip hop
6389dfb4-e727-471a-bfe2-951b256156a8,hip hop
54bf4eba-bcef-4a05-8be0-552a2b5e7c14,rap
896cc91a-1574-4842-8146-c3c54590a96a,dance pop
56ea3f2e-422c-4027-ab5c-fe054f8ce489,pop
bb0ac1c9-7e90-448f-be8e-aa49cfcc1498,uk pop
6c540cc6-2e3f-4e3a-aa13-cd92b8251992,hip pop
df761ab0-fbda-4119-8297-92772189c697,queens hip hop
de3debf7-b14a-43e5-a228-2f296dde4dd3,boy band
501183a6-56f8-434c-b510-37f3730bc15b,post-teen pop
a0d5bfe6-8d25-4876-8996-65500090f3dd,talent show
559f419b-470c-45f3-8c44-970b8ddc9318,lgbtq+ hip hop
8fdb6b8e-f0c3-46a6-adb0-01cc19119c76,neo soul
ad80cede-7031-43c6-b2ea-a50b32bcd20a,edm
b5a2e18f-b640-4bbd-ba0c-24a1a68bfe98,electro house
80b9f321-ddec-4f06-a09c-13d525397825,house
2de88a6d-c71e-4bd9-885e-84d381c825cd,progressive house
1ec7ab93-d46b-4949-881c-cab47a04a25d,uk dance
9f035012-572a-46a5-83d4-6889805de8fd,ohio hip hop
94e089b1-001a-4d30-bfc3-aebc62ae3645,pop rap
b0a03c7f-61bb-4ba4-aa30-afe587404c1f,emo
298325d8-87eb-49cb-8a2d-bf15a45bb2ec,modern rock
7cbe8245-151f-4092-9fab-8c8bec3f3823,rock
ff5d1d0c-b818-47fc-9abe-0acb7232ca0b,southern hip hop
37c89ead-b809-4a8b-b590-5b4ceca9389f,trap
6fa86efd-b350-4a3b-a0a8-4dddf97a3d00,neoperreo
993843e9-0cf2-4392-be75-1a2261d2e248,rap catala
5b908b2f-6aa4-4f30-8b10-17aa5fb863ae,rap latina
144119bd-8760-42a0-9493-ba85129870ec,trap catala
f0c0e413-f391-4838-a6de-aada57bc7c1a,urbano espanol
a11fcd66-0587-4f7a-8385-ff36063c6449,urbano latino
b79f20e3-eb08-4050-8e8a-a018fa8f0939,r&b en espanol
d814e1be-ac6b-4783-b281-352c2159a841,spanish hip hop
a79f8391-d938-4793-9412-85b3d0a303cd,trap latino
2a0ea8e0-0302-4216-bc6e-c22557be90e5,reggaeton
359270da-1900-4a1d-b36c-90fdb30e22cd,pop rock
f2612eb0-73a8-46ae-9c49-d4b3dbafce89,post-grunge
b5ead7fa-a206-49d1-a4dc-3c72662ede8e,argentine hip hop
792f6f2b-ec4d-4186-b8a8-1189b70a3eb7,trap argentino
fcf523bd-4e32-4b48-81f6-9590ee23e71c,trap triste
39031c93-afe6-47f2-ba40-8ffa8af4dede,alternative metal
4874614f-b443-4e4c-aacf-214ea1cb9e40,nu metal
0b5ec404-3947-4cb5-9d6b-759dbaccb4e4,rap metal
976159b1-9680-4d8a-9857-18b920a11cc9,pop argentino
b5d4184d-baaa-42cb-b854-e7f667cd8514,chill house
5afc5412-597e-4ea0-bf51-ea4164dc508e,tropical house
4c2da84e-7640-4f1a-bbfb-801cb5e5696c,alternative rock
4f5453a0-0cf3-4cac-a9bc-47189457ef6a,indie rock
9b273827-5b26-4ab6-9ab1-84b4425ebeb8,indietronica
3a2d1907-1fa3-4977-9094-9181325935f9,cumbia 420
ec270d07-5ea5-4127-bf91-aff68d38d663,cumbia pop
5c19c5c0-8bcd-402f-9d86-c82bdca2b680,previa
3ea33b30-a620-428a-bc28-a83afb566986,rap uruguayo
c815dd7b-55db-4025-ba84-c115580400d2,tech house
a7f91ce8-96e4-4c10-8ae3-b840c76d2b3e,deep groove house
2054dd71-bca4-414a-a0a7-1c09e1d42b7c,slap house
273ff321-ba91-481a-886a-64a25694f284,hi-nrg
b7ed1c24-f2d3-461f-841a-b1600566533e,new romantic
1a91f0df-c1b0-4761-a73e-0f5fbe8b3018,new wave
594946ea-5f44-4b8b-9f8b-a05ae59863fc,new wave pop
65319582-dca7-46fb-b80a-30c4eba7411a,sophisti-pop
1d9b3f07-c002-4fc0-8688-d10228866e33,synthpop
3ff7e1c5-21be-4d0e-a0fe-7cb512c088e4,disco house
3ba0fe0b-de7c-41dc-82d0-c85b19abb24e,filter house
b2e966da-8688-48a2-b6d9-d889f3306453,funk viral
f6349195-bd94-4980-b77a-c387df9ba82f,dark clubbing
d277fecc-a2e3-4ece-9016-6cecedefb3d3,study beats
1a592690-469b-4e9c-b14e-fb781e3c1ef1,baroque
ec6546aa-d243-4d31-9782-748e65afbc81,classical
d8ec77dc-5307-47bd-b710-17980f13cd41,early music
69ef923e-b683-4834-87fc-6acb80b39ad8,italian baroque
1ee7085d-8f9b-4e85-bcf4-dc118c8ed2be,english baroque
39dfd451-d9ae-4940-936e-2bec9373196e,background music
4d37cb91-806f-45db-ab65-0c23e4c624b2,compositional ambient
f3db423b-eb0c-472c-8be1-f8e0ed5a96d0,experimental classical
01f4a899-7b58-4673-8986-5994222898e0,icelandic classical
7eeea0a5-d647-4651-b160-93bae313ae14,icelandic experimental
46de3914-69bb-47a1-b974-2b2a171e0a12,nordic soundtrack
41545aaf-75a8-41eb-9721-5d732bda2f0a,soundtrack
f9135592-ad02-43ef-98c3-a6876b32f501,chill out
dfde2d66-a3ba-4335-9ca1-d4153fc3f25e,electrofox
a5109417-cb26-42a5-bf9e-29e3f1d9a655,argentine rock
aac6edce-d050-4f5c-8dec-1ee2c494c632,latin alternative
c6b33bb7-eda0-44a4-8e36-442fb90dfd41,latin rock
dc26512d-8d77-4e3a-aded-572ae89c88f6,rock en espanol
7fdcab16-3510-428c-a097-f95528b64877,bases de freestyle
63c4c4df-213b-4cb4-8cbf-9311f2a3aac8,argentine punk
be93260c-d4be-46b9-8fbc-f131046104fd,ska argentino
28760048-b960-4b06-8e8d-449e2656a7ad,melodic house
0c06bc03-3312-4e66-b777-e107ff751d99,colombian pop
7a57d1a3-d713-483b-a4e1-9d02c1ebbde5,latin pop
8a6cc3e8-c128-43f9-85ee-75ffa9098a83,reggaeton colombiano
12280583-1287-449a-878a-b11b16efeb45,rap underground argentino
5e1a4914-bb8d-4014-93d7-d138fc299e5a,dfw rap
1288e1e8-3f9f-47f3-927f-f1e7b618ff34,melodic rap
9fe4f3d2-4f62-4de3-9b24-ba0e137fc7ca,celtic metal
a9140933-8e6b-449b-bfa0-0df633b9dcd8,medieval rock
8885026b-a191-4194-8bb9-91b0b884c7ae,spanish folk metal
ef441dba-62ad-475c-9dd5-a40c561f24d4,spanish metal
41285475-c883-449e-82a1-e1672ca50593,australian electropop
68c2c081-21bd-435f-9cc1-8b3c6b18feed,funk bh
88b7651f-f30c-49e6-8a59-733ff47575f3,funk mtg
a1b983cf-d08c-4615-8dbb-f1eda027a199,stutter house
ff552c0e-c0c6-4a80-ae98-ad3be9cea6a7,neo mellow
f1547cf3-583a-44e6-922b-12bcbb6e9c34,singer-songwriter
e285f1b0-d7f7-4cd2-b0f7-f9d7b295f6f8,escape room
bab86322-5257-4724-82fb-04bfe298dd61,minnesota hip hop
2d25d66e-e6b5-4c9b-8b91-b5c8b9c09a6f,trap queen
fd5a9373-908b-4f26-aabd-42be54f417d3,r&b
5b374b14-8013-4cdc-90b3-310ed1703047,urban contemporary
43769da2-7b32-4158-a882-d3670274be44,deep underground hip hop
b59e56ef-b6fc-416b-9260-3bb007c78320,kentucky hip hop
b24ecdc2-fed6-4069-b913-dc525fdffdd7,atl hip hop
24334603-d6a9-4ac8-88ac-904d925e165c,techengue
17c7d784-de80-423a-aba1-c679d0daebb0,sped up
d9b93d8a-4b9b-4de1-bbbf-458c33fd3931,bebop
25f63694-5968-4154-b4a9-62fded49f61c,hard bop
4319f61c-7cdb-42b3-9ec5-5f55ef4b9385,jazz
c3b6013b-fc03-45a0-a793-dd3ce39a723a,jazz drums
050b4d86-a807-4cac-8236-42afae8295ce,schranz
49439ad8-d2fc-47e8-9aa2-1f4f508352f7,uk tech house
3ebcd7a9-12c7-4591-85da-2202e0b0c44d,pop venezolano
8313d055-d192-42aa-89c4-152e454efd15,agronejo
3fe55578-3d1e-459e-9232-22dfddf25bf9,arrocha
8da2f2dc-7ab2-4c3c-bf2d-94f87ce5446c,sertanejo
8b000507-f854-4059-b5aa-f9a5ff5ce93d,sertanejo pop
e61b9569-ace6-4995-a068-b025215a5e27,sertanejo universitario
879bb852-ed41-4894-944e-2d8325d085d1,latin hip hop
c66590f2-5c57-420a-9926-950bbe05967d,christmas instrumental
959599c6-0015-4f9c-af60-42c2af410bc2,background jazz
4973c5bb-c61c-4315-9033-58052282c10e,lo-fi sleep
db282465-ff92-4a62-b11f-d5ecd5975cbb,philly rap
1cb3d05f-1449-4c01-b55d-d9cef520293d,rage rap
5370ed41-5c81-4df3-bf1d-cf1db85ff641,argentine reggae
c672c753-cc6a-4297-afa5-623dd37030d2,mexican pop
3d275f78-d692-4560-8348-a46e48abf287,lo-fi jazzhop
91745bd3-7824-4712-9176-d27236f8ca74,dark techno
17bcbe4c-d024-4c16-ba4f-46b13a175ed2,funky tech house
8b85af35-60e9-4c3b-8b05-ff3481232454,hungarian techno
2a3fb1b6-2f99-4d18-a662-648b6c72b011,corridos tumbados
2082f1b9-53a0-4ba0-a9f7-9780f5c127c0,sad sierreno
e2709960-7f4d-4c92-a5f7-691eb0f1c83f,corrido
6b2307ca-14d1-472e-b04a-0c13c64857af,sierreno
ecae3dac-060d-4d40-942d-31f697e5bbe7,classic oklahoma country
e4a0eb5c-a12f-4d32-a878-cd8b28c4e531,alternative dance
4eab1b0f-6fea-49e9-a944-46b9cb304fbb,dance-punk
67ad8a7c-105c-435b-8e88-42373d22e77b,electronica
217748c4-52c2-4dc6-839e-22f8f2884840,new rave
190e2a58-abc7-4769-8698-52092fca2e7d,singer-songwriter pop
96d20e74-2e9e-4ae3-b77d-5f4bf9204ccb,grunge
a9db4a5e-ef8a-4610-915f-0394d2722c99,permanent wave
ee849735-f158-4b7f-9b4a-a79a8dcadf54,hyper-rock
6cee986d-6da5-487b-a620-b07cb9ce443f,gaming edm
ef046372-a0e7-4567-b861-69b9aca40ff3,pop dance
9ddbfa3a-2467-4202-8e08-8a5444835b07,afrobeats
19e50121-aca7-474b-b99d-f3fbd8575941,afropop
6a9a4139-6aa7-4e19-94ef-f8e5ec26f27b,azontobeats
53a3bad1-e079-4cbf-bb80-d45d3afbd3e7,ghanaian hip hop
373c9669-e5a1-4571-88e3-4288182c66c4,nigerian pop
afe068b0-66df-4d2b-b93a-ace3b1d343df,dance rock
3c0ca44c-62a1-4852-9ad4-abfe82415a60,soft rock
0dd69481-7061-45d4-bd7d-1556e71f7767,rock-and-roll
3bfc8a6a-4026-4b68-b726-7c177589c8c2,rockabilly
c445aba5-aa8e-4ea7-a61e-96185d67c2ad,big room
cc22e982-08ce-4c32-baf7-28e4fd486bdf,dutch house
f62fd582-653b-43bf-b9eb-16c60420b52b,progressive electro house
881d754c-fe0d-4d63-b2e7-ed9480ca4a27,folk-pop
9abc819d-2939-4e61-8e62-09c9ba9c963a,stomp and holler
6cdf2558-e3e5-4ed9-b91d-1b19f89f75f9,australian pop
83d8dd77-1935-4701-a8be-c6515bc2dee1,covertronica
4439ad7b-c6b3-46e1-9e9c-1d9bd2c06a21,hypertechno
a5b51529-6fee-46e7-8e84-d62223c2c6b7,electropop
9400a19a-59b5-4342-8ca9-3f9aaa08441d,pov: indie
a64d2109-5395-4a54-ba89-08c72fc47879,queercore
cb70ab33-2bbc-4da6-b50e-6002c695ce00,riot grrrl
a465881d-fed0-423e-8693-ea1f40516079,funk pop
547c3a8a-f163-4726-a714-bf943da3566e,funk rj
dc14f5ee-54f4-4b85-a0d3-9f9aa37f8b64,pagode baiano
84ad46c6-19cf-439c-b5db-98769dbe5d1a,pop nacional
3028da85-e014-40dd-a56c-af5727569520,alternative r&b
8060280f-0b58-4c0c-853d-a98c76036699,persian electronic
8ed7deff-3276-4c8f-8ba6-1801627f660d,souldies
38a27ac4-1cf6-4cb2-857f-95315be6539c,cuarteto
5f2b8f36-b06f-4cb6-b45b-301113f3452c,easy listening
ccd972de-5514-4728-a5c3-ae1a0e0988f2,lounge
72985ed5-d45c-43f0-a3cc-7c58414dd5df,corecore
f7412c94-487e-4a2b-bf15-7b6471d03758,art punk
80ec9004-4277-4d77-a048-51a45b47b4fd,funk rock
95776478-3b6a-45ce-8af7-6c0c98bb5d0e,post-punk
2e3699c0-d6f3-4ec5-b9ca-72d7792e2d6d,zolo
b424a4d8-9ade-48cc-ac59-4d31bee14649,vapor twitch
23e72f89-cfc2-426a-94b5-b64298d8ddd7,vintage italian soundtrack
0b7daf04-c584-46fc-bcc5-698fc421c468,psychedelic folk rock
590bb211-d400-43f8-a1fb-bdf43873d959,psychedelic pop
42edc190-9123-4421-a3cd-d6300e51b9d1,groove metal
c894a7fe-3795-495e-9df7-c7418ccdc8b3,hard rock
7eb58c25-d1e4-432a-95c1-88adac1a9c68,metal
f1369f76-48b9-4138-bf91-ab3f895fb672,southern metal
5603364e-4474-457e-8d28-63152ff16116,nu disco
20ff1c1d-6d7c-419f-a506-1468142a5308,electronic trap
359b5a67-d787-4614-9276-141edac6fecd,complextro
ebf62462-622b-453c-85bc-08a10e18f77f,nantes indie
1fd9a518-5d2d-4c85-a100-74bd811f50f4,melbourne bounce
ac0397cb-8b19-4ee0-9b76-22b88e68fa6c,melbourne bounce international
9938b144-6924-4513-a930-b9a60fb30872,musical advocacy
37859784-cf91-4d89-bbe4-22069d46bbbf,belgian dnb
b7f63c7b-ff9d-4d60-a76c-51492c8ffcea,brostep
32b8b9db-b5ca-4bbc-bb0f-047bcc0c8a31,gangster rap
c13e854d-d4a0-433f-971e-f7e85dfeb9b7,canadian hip hop
5ed8cb33-5545-41fc-b19d-d00f872a13c9,canadian pop
3e213ab8-a5f0-408f-bf15-8b5a4a516d48,chicago rap
5311b532-8e45-4b83-9814-f231a5d9849c,fidget house
55cd0ec4-3b9c-466e-8215-7eb14f903278,boom bap espanol
9c6ee9a5-4b8f-4772-b91d-50c2864f6709,rap conciencia
4c23ea66-7c7c-4ccd-b1f5-9cbf06c53559,rap politico
8691cf9d-58ad-496c-8bcd-3b641aef8e60,venezuelan hip hop
2c21d5ec-ea5a-40af-8f21-64ebcc58902f,disco
3ca0ac0d-ba83-4358-a445-36d56ff2d043,funk
79ccd943-b595-4b0c-8274-35e49e8703d7,jazz funk
cced3c19-4caa-4fc5-8afc-a861de0a2a62,motown
4b0f969f-9459-44aa-a483-38e77a45b22c,soul
3085429b-493b-415c-90e3-4a79d3fc8e79,candy pop
0adec09d-f433-4990-9b7f-70f1e2287466,balkan beats
35a75a34-551c-409d-8793-ef28f9241ee8,downtempo
4fe5b5fa-2c1e-41cb-8cf8-3f2b0c4af1b8,electro swing
b422b59f-3c3b-43de-8cbb-9eaf9ef1d18a,nu jazz
fd85bb96-6a6f-4f43-8af9-fcd857d2da5c,modern folk rock
c0f24eb2-d781-496c-bcd7-32a9a65ea849,pop reggaeton
d6a5fe9b-3956-47e3-8d9d-bfcd6faf4565,deep disco house
1cf338c2-f2f6-443f-b574-0ab9501bcbc2,microhouse
5659d033-d003-4e8e-bf91-404e28a033e9,minimal techno
038a0af4-6b70-43e5-81ba-77b1ed5be557,instrumental rock
f6af49d1-fdf6-438d-97f0-dac42df813a5,jazz colombiano
dc7515f7-83bb-472e-91cc-bdf264f4af69,classic house
82f73361-9dfd-46da-ad8d-1143792d0224,deep house
c46ba22d-0654-41b6-8178-b3acfd386995,tribal house
f09f859a-667b-48f3-96ca-b6f0545ae54a,vocal house
9ca09ee2-1599-4a9b-a082-f77cd58e6f6f,bass house
556cbca9-2857-47e2-acf6-4f55130a9c3c,brazilian edm
a657fa88-602c-4f78-80bf-373c3df2bcdb,neo-synthpop
e0391b46-22e9-4c0b-bc28-685daa650ca0,pop edm
9473f2f7-a031-4e73-abd6-52e0a4e36d30,funktronica
c8b73456-3336-4fe8-84a3-96c8b23f762d,deep tropical house
abf2049f-17d6-4f85-a9d0-a487680f1b6a,kleine hoerspiel
4b3e1e70-b344-4257-bb9e-23dc1a2faeb7,deboxe
75ba2e2c-b8b8-4df4-993c-09771f5582ba,rave funk
016a6fae-7dce-426d-8a53-ef5b876d8075,classical era
0d1f4b82-7835-4a2a-b3c9-64bdc192f57b,early romantic era
369122fc-de87-4537-a5ff-e2512fd4ed52,grime brasileiro
90772a62-8678-47da-a52d-c31335c9f597,trap pesado
d3be168b-a9b5-49a8-a755-3ef264c15063,calming instrumental
bf95689c-612a-4398-af45-6a837b61496e,neo-classical
d788fd75-3a28-4ba1-afde-14dd90c72797,reggae uruguayo
2a3934d9-dd1b-4de9-b40f-69192cd99a11,rock uruguayo
a6510ac3-51fa-468c-923a-26d71fc54810,modern alternative rock
4d17139d-b8d1-458c-83fc-3d79cf7b205f,post-punk argentina
425fa0f0-3aaa-4fd5-8ab3-eeb248a06ba2,cumbia villera
eead4d83-ad3e-4ab9-bf74-ccd17df89675,alt z
0189c7c6-aa0b-41d1-9605-62d824a85d56,german tech house
d2b16dd5-77d0-4718-97b1-31294263e0bd,german techno
1f0ab895-d9f9-4301-89ca-f6136e55a5d5,organic house
443e1240-219a-4304-a00a-6e2ca9e3519f,argentine indie
b58c8f3e-8143-4274-b520-176fc2a66ebe,electronica argentina
c8202192-2ace-4126-9c8b-01650dde3d42,indie platense
4ea4533b-ebee-4773-9a0a-3edcaa495958,pop electronico
5812b6e9-3f95-405f-8e68-3dfe84e37587,plugg en espanol
fe0504f2-7f86-4e77-8bf3-94b328e3b316,british soul
768dda76-e833-428e-81d1-09ee0cb3d5d6,psychedelic soul
ca5af744-b586-4495-9272-b2890d3f2a44,garage rock
df8a9918-7e61-40cc-9482-26621125e464,sheffield indie
101f7d96-926e-451a-b9f7-87ddefee7e8d,austrian pop
b574d22f-2fb6-43e4-a962-94753e25fe8f,deep euro house
f12243a8-1037-41f3-a94d-1c2ed3af8ca9,australian dance
eedb954b-21c7-4df5-a8ce-80c31616d8f1,electroclash
9b7bf8f1-693d-47fa-a66e-951cc8b2fafd,classical piano
cf2e07bc-8ea3-459f-b47e-6cc059fcacac,nordic classical piano
e1871f76-547e-412e-b1a3-60cfd8fced46,belly dance
7f34dc5e-1ed6-4296-ae88-76d454b8832f,darbuka
3aaa778d-ad41-40c1-9a58-bb390bb68ffe,conscious hip hop
875a7bd9-946a-47d0-a97e-abef65bb2905,colombian hip hop
a04c0956-0131-449d-91e8-4bb8041848d6,arab electronic
08f2c40e-d44b-491c-ae05-792b8a3f791f,deep minimal techno
d3bd551f-e055-46da-b4df-7741446d5e5a,electra
b1feb1ad-2099-436a-92a8-ffee4f11cc6d,techno
7aaa37c2-20d1-4c13-83b1-9f860f9ec7c3,funk 150 bpm
c30e58f5-cb48-489a-b284-cee93768f920,funk carioca
ed354cd3-3138-487e-b819-0815a256cb22,urbano chileno
c5477da8-79b7-40ba-9aab-26d5a1b9754e,banda carnavalera
95150420-3019-4201-9806-c296c9357b32,acid house
6164c263-21cc-4f2e-b410-15ecd20c2164,french techno
24c262e9-52ce-409f-a8a4-97149adc2b96,indiecoustica
4144a46b-9851-4c21-9886-07c140cbbe65,argentine alternative rock
e744d7ed-3458-4f04-9ff5-4b03b39fdfca,afro r&b
b7df8e8c-d61b-4315-935c-104b9286552f,dutch pop
31904902-4bfb-457e-9c14-9bf735898c9b,dutch tech house
e099a454-9a07-4a95-87d6-0c7c60461a51,piano rock
22c03667-17de-442b-804b-a4b407386c32,indie soul
1b8bc6cb-191b-4c03-8d9c-b28470ff1a46,pop soul
63073ffc-e47f-425b-891c-52efd365c462,adult standards
75d4968b-ee41-45b2-9cc9-69f0c1dd6b6f,british invasion
bf41ee8f-bcea-4501-b792-574e169ae297,folk rock
925f82cf-1aea-437c-ae22-51eba2b9ac15,vocal jazz
5afe9b50-fdd0-4f3e-8a80-01ccd1fabbb7,solo wave
af15e917-baa7-4dee-afd5-60883bd2ed5e,german pop
e514d95d-f1e6-4512-a7b2-af248f71b61f,la indie
844fb7e3-1508-4870-ad97-03f1b4a55303,borneo traditional
e7e2cea5-c996-498c-9e3b-3920e4d902e8,album rock
fbcaa7fb-3f5f-430f-9a65-2ac206c7b75d,australian rock
15e20c00-7065-4dae-aae6-7edc6e5c2cd2,classic rock
66fabb4e-9064-4547-9e26-4953b5920c7b,mellow gold
d7827865-cd34-46d0-8ef2-3a36a454402f,power pop
b0580344-cc25-4cb1-8a30-76960b98e03e,rock nacional
a6b045c5-f9fb-4408-9761-c01f28cbebc9,musica mocambicana
b882b903-a9cd-4ea0-a825-042840da2713,modern blues rock
ce8558e8-d0e2-4f9f-bd41-27dacf1f079e,modern hard rock
a5abb744-7e98-4101-b9d5-6613c06d9a36,psychedelic rock
42a19637-7b82-45a0-bfa7-2258c09c16da,sunshine pop
ededb47b-75ce-4fcb-acd6-1a141e75f241,livetronica
df7e15ba-a41a-4073-b685-e9edfc7154e1,metropopolis
bbbd526d-8fd5-42d4-9e6b-552b8051178f,shimmer pop
4201ac9a-7eb1-412e-84bf-3acabf1f02f3,uk contemporary jazz
eb38b639-49e4-467c-bb60-4e91533ccd69,french romanticism
f168f79c-e071-4cb1-b739-d056ff0eefd9,late romantic era
d40e9416-d0cd-4490-b3b2-298e2dd67cbf,saxophone house
159f8371-7190-4031-ae65-9244554bcf1f,alternative hip hop
02b5bac5-7ee9-4551-bb5b-fe176a3bc817,drumless hip hop
124327de-48f5-45d8-add5-82c3400ad07d,instrumental hip hop
36175a41-53ab-4a33-9257-15fb04d2cecb,west coast rap
b2681cda-9103-431f-a3a1-6652057ef4da,choro
93e23a1c-8eb0-47fa-abfa-d93e70546f90,violao
e8d4c87d-5291-46dc-8eb8-f4ab62e1390b,minimal tech house
e7c3c518-552b-4bab-93c3-87f93ef7d6cc,contemporary post-bop
7a83dfcf-77d6-4048-b658-edb52faaa456,jazz trio
6b7b68c3-4ccb-4fa9-8110-9dded6082d7d,jazz house
65062dc1-aaa7-4d6b-999b-cf00fae14c17,french indie pop
e68cc3b3-4f68-4f71-a609-240c87e5dfd1,french rock
d1bc9aa1-864b-410f-b0e2-65a6d2d11adf,cantautor
0cb571d2-7eb2-4135-ab54-e6091becda60,latin afrobeat
ed8ca2a5-8e12-4fc5-a381-5bccfe1dee6c,nueva cancion
f7f3cc18-be31-4b21-89a3-ed730a54e42a,trova
74ca3385-7986-42b2-97a3-fdb26bd75dc5,swedish electropop
6ec19d3d-98ca-4a0f-9e15-7f34de0f0f97,swedish synthpop
012602de-8c81-4777-904d-b17b817852ce,art rock
6ae37fb6-a492-4ec1-a75b-c731ef48235b,progressive rock
e7a12df3-c4aa-40fc-a833-7dfa1568aee3,symphonic rock
7e40e5c2-ad17-4e35-82e1-24a54eee47b0,gen z singer-songwriter
6f599609-35d6-4e07-b8d2-9e9258cba958,pop house
7ba71a8e-ea52-4642-94ea-d417f14d2353,australian house
fbc0b6a7-534f-4190-bf85-639f52a7567d,uk contemporary r&b
18a2d9d4-b60a-43e1-9dca-a17c6dc517ea,glam rock
c59a6cbb-9c96-411a-84b8-e53a00fb8633,glam punk
ff1c66ba-5f50-4419-a381-ad206ed2a459,musica chihuahuense
3fb3fce5-4bf4-4e0a-acb1-ab79475517ef,uk funky
30998e15-08a9-4998-89b6-2072dcff1280,spanish classical
cc2a55ca-3423-4b3f-86f9-ac704795ccfc,harpsichord
ee16ad2d-b492-4173-a81b-1f423e75313a,czech classical
8ad1192e-0ed9-4c42-ba93-53769f894ca2,german romanticism
bb3b5aad-2f07-4ad2-ba05-ce506ec45be0,impressionism
080017e9-fa64-4102-954a-2675c5d5e791,post-romantic era
a4b0585c-95e3-44e3-ad8a-fc8a649e5f27,irish hip hop
8bc58e1f-2859-4bf4-9e5d-70c4381bbecf,drill espanol
a94aef1b-83b9-48fe-97f6-598dd1c6f31c,flamenco urbano
77279d2b-6d15-457e-92ab-7a020b4e6ba3,concurso de talentos argentino
1df524cb-e599-4c4c-8e80-f6f24f131a7b,latin viral pop
2881220b-908c-4731-939e-2e1f3c84e9cb,urbano mexicano
c62210ba-33d6-449a-ae51-f3cecf50a1f8,acid rock
c1b1f7f0-2ad0-4fd1-8229-e9a4b5da4c2c,blues rock
d38b1082-3cba-44ea-b62f-488017ac3650,australian indie
ab6dc3e1-5a95-4395-8519-ea8c02d0290f,spanish pop
d6958830-5046-462d-9245-cc533757d339,spanish rock
fd24c57b-5469-4390-8595-128b478e0bd6,classic soul
f40d7150-4e4e-4959-ba1e-7f39eed99807,northern soul
06a123d3-f63f-44b5-a0b4-0bbac7f64382,quiet storm
b1142392-24e0-473c-8b60-c889f0c3a640,swedish alternative rock
1a8d317e-b595-41f6-9a97-daa8dd82d18c,swedish indie pop
ceb75ad9-bb31-4f72-a5c1-b47d9590ed10,jam band
7cdb3fbd-7482-42cc-a4db-11ee9c872e0f,modern blues
f4c6ae3a-a717-42df-ab8a-14b37e6e0c84,sacred steel
5f5feb21-28f7-40b0-969d-a4739fd02b8a,reggaeton flow
fb9d8590-6355-48dd-899d-5cd831e18915,trap boricua
c2dd8ba8-feb6-4004-bdee-d11093d8c529,reggaeton chileno
29edc673-457d-4c47-99dd-f935e3569bd3,trap chileno
48381458-8dd1-4a89-84fb-935560fc2c77,new york drill
b4259f67-ea73-4b06-9d48-736dbb834a77,cool jazz
3abe5639-947c-4493-9a19-9813b4830658,jazz piano
f87f241f-1015-48b9-9937-fa1166cb6f03,arrochadeira
13de43c0-f59d-495d-9dc2-9cc2feeabc90,forro
3aa64106-f481-4884-93ab-6be65925b34b,afrofuturismo brasileiro
334516c3-f8ad-498e-b637-1e0b60e95f11,brazilian hip hop
3a99aefb-bcbf-46c1-aa13-eadb65f7176f,brazilian reggae
2cad25c9-5d23-4b99-914c-7e08db5892fa,rap df
dfcdc0fe-dbc8-4194-b640-ad5fb8f08f9c,rap feminino nacional
201b3c6e-2f6b-4249-ad3f-de0b4a146c9d,indie folk
d6e7a015-1994-4738-98b4-d83b9586d146,pop folk
0fae22ee-d96a-420c-ae6f-66d5497e6556,stomp and flutter
d5af2d64-2414-4f14-9550-62ef19a58208,glam metal
b30aa878-6a5d-43b5-97f7-5bcf422834dd,contemporary country
5ec061b7-850b-4f7e-91e4-ba8e838e8b8b,country
cb5f6ef4-d45a-4e9d-867e-23201f887549,country gospel
ba4253f4-732c-496e-b0fe-f12b19bcb6f3,country road
2dad2cf5-0439-42c3-b3b4-6d0e8a8aad29,portland hip hop
8b2fc544-a6cf-46da-8985-4068b4abcab2,underground hip hop
29024527-dc1e-4ea8-a891-a298e36645d1,alternative pop rock
ce298057-64d9-407c-9aa0-8b862b4b2950,neon pop punk
7edc184f-75b5-4318-9280-deadffb18d7c,pop emo
b8466d34-1c24-4c25-9814-836b8d79aa51,texas pop punk
96be4d1b-76a9-4edf-9e7e-5ea6142b8712,pluggnb
9bc6f59f-1f93-451f-b75e-87751814cde4,indie quebecois
fb6e7ee5-18b7-4837-a564-9634b047aabb,zoomergaze
a3118555-9196-4bdf-b98e-688376eb32e5,neo r&b
c3eeaa7f-66b2-4850-847e-05943f5818a3,french pop
6feeba99-b0ca-47ef-8028-3ad695254abf,scandinavian r&b
36c8b0c2-1297-4584-9deb-9a32b2f946f9,swedish soul
915f194e-6bc8-4c16-a3e3-6b2aaf21b24a,jazztronica
6d9aa6a6-7726-4ed6-808b-f8c2d46e630c,trip hop
80e68264-f4f2-41aa-9c85-3d22ed4b5459,chicago indie
a5802c24-a627-4d75-91ad-771a07d41537,indie poptimism
db2b4b4a-7af6-45ec-ada2-f3b726bc5df0,indie pop
dc7b51ac-69bf-44c0-b45a-4d123ffe458a,gauze pop
128450ab-adeb-4592-9abf-20727f0214a0,shiver pop
d0c42258-8bac-4906-9ae3-aacbb830e53a,afrofuturism
d33d06e7-1cdd-4c00-80a4-4981fd212c59,dark r&b
33970104-2c44-48dc-9d06-050dc0a70799,modern power pop
72e8d449-8ab5-4002-9cb5-201fdddf2dea,alte
dfad0514-234f-4242-a820-0e4bfd6d2a8a,acoustic chill
49955f21-78b7-42bf-bbc4-b1d6645e82a6,chill abstract hip hop
9d5ddb1e-d166-4fd2-88e5-cbcb5fa02c0f,french hip hop
dcee4749-f5c8-4f53-afa6-996699ac34b6,pop urbaine
86f4188e-543b-4b87-b55c-d47c281e7b95,rap francais
bf05b290-c024-4889-b36e-55e63e414708,mexican classic rock
9382d39b-0229-47ff-b47a-904a655abb94,experimental hip hop
a98e9d6a-8eac-4418-8a39-3b896ad09d68,glitch
cb1059c7-8d2a-46a9-9526-444a70a69b32,glitch hop
5cf88ae6-0cd2-4d1e-b1c2-3a255e257cc4,intelligent dance music
41671429-fa52-41f7-a7d3-8f343e2cc123,psychedelic hip hop
d3a0d30f-01bd-4d64-978e-df6e79faf092,wonky
85f0ffa5-5aff-4281-879a-dfa8784ca385,swing italiano
9a1f22c2-bd70-42dc-b717-967c7c5b63a0,italian library music
d1187493-a72a-4a49-8c0d-3e5f5f2bcfc5,future bass
0625a5ae-5e1c-4dc7-9769-f42f6f4a781d,scottish electronic
a6745cdb-810a-405f-81e0-17ca24e90ed9,french soundtrack
258781d9-cb12-4ec7-9e35-7bd837b22c69,classic soundtrack
4f20ebb6-486f-4192-8d19-66eb6edd42e0,italian lounge
717d2c7a-fc14-44fc-9d26-d6d220e6d98a,spytrack
058cb63d-dad9-4ed3-9840-873d730271c4,french jazz
0f1294e0-b410-4e3f-85b6-0933ee5e6bf5,neo-psychedelic
7da798c4-b5b4-4b6f-8f85-e26b9afcc668,world
73a1f065-8d14-4f5c-9d5e-b76ad2251bae,indie jazz
3de5ee59-7ca5-4d8f-b3da-86785dd1c6fd,abstract beats
79753fa0-cf46-41af-a660-72ce6fdf1939,jazz boom bap
059c85e8-ead1-48dd-8ab4-53d881ab07ac,romanian pop
e98cc0e6-1064-44cc-a25d-0484b8c63663,christian pop
875dc808-8655-4182-8e1f-d6966e20e7ff,canadian latin
9cb76b95-e40e-4795-83cf-b1c25c31a608,aussietronica
6bfddf7c-c2af-4947-95fd-e47523ee84a1,funk metal
c607b942-6cef-4902-a8fb-854958b46be8,chill drill
97b18fa1-e4ba-4062-a65c-8d54a729fceb,baroque pop
7d6fc835-553f-4fda-9a23-03cfc43e60a2,french indietronica
10ecfe5a-cff7-49a1-897f-22b5266d9031,chanson
746805ba-ce1a-4fa5-a42f-23359bee3fe0,kizomba
c3ef8348-2e12-4878-907b-76b07b9df593,portuguese pop
5b1e4054-97af-4342-9444-439da9f8aa89,early avant garde
d3e9c017-6aae-4fd1-ae46-500fb716adfb,early modern classical
e6f77c58-9f48-45e9-a31b-043a7f09e5b7,norwegian classical
bbe539e1-8d99-4e94-8c5f-a8cb1eb0c27b,mexican rock
210a18cc-1846-4900-99a1-fbc3891334f0,chillhop
1aeefe3f-6824-4b55-abc4-42e1615c4c2d,lo-fi beats
196d59e6-6894-4dae-b408-23027f01f4af,french tech house
5b9965af-0b18-41b7-8f0f-d881df5c8d02,minimal melodic techno
780f9279-7e83-4b87-8b72-65ec603a23da,new french touch
cb6e7162-2798-4a2a-a663-dc0e38608bf4,deep tech house
2db2046b-ab75-452f-816e-b7b2693a167c,funky house
c0e952a5-ba19-4093-830e-c0d3a8c8544c,italian tech house
fb281c47-2c74-4315-8cc6-395c446e7408,jackin' house
eaaa508a-7fb9-4bb5-b8c2-0cb4e9b6ec3c,australian reggae fusion
04911906-006d-4b8d-87c6-d46489a4f66d,puerto rican rock
56efee68-835d-4c56-9218-c8c2b8b50448,german pop rock
8b04176d-b2f1-4fb0-bfd3-f2a3d25ad518,orchestral soundtrack
3a0caaae-6c0b-49f4-a44e-a26c1b890d74,canadian trap
8b94f628-c2d4-4045-9fb4-2c97c7bbe794,belgian techno
13d8587e-7e71-4a5b-a974-02ae85967a60,pagode
ac2f0b48-9d3c-43f4-8432-7ce2fa1bd609,pagode novo
2cfa88e2-cf44-41b7-8879-f57a8d5efd4c,funk consciente
94b13343-6356-4df8-a714-d052a7f44d4a,trap brasileiro
28c7f4b2-eea8-417c-a7e7-47da8a2ea36e,trap funk
291972fe-9ab1-4502-93d8-ad2eadc3ba45,electro latino
44394c66-df05-4d12-966d-11ca45408411,rap dominicano
0fad77b5-c512-46b0-8b44-42275ee75bdc,chamber folk
c47a9f2d-28f5-4cbf-8b7f-256d3434d268,chamber pop
f27e948a-d462-4f56-b64e-aa0de71de212,countrygaze
287204d5-d30a-4103-a3b2-d9de20affe4c,moombahton
5d6ad863-d563-43f7-9e79-f4a20eb5c72a,instrumental soul
35f2fde2-3033-483f-a9cb-9e4251008f2d,smooth jazz
59355ea4-50a3-450c-bd44-fbe758cc2174,soul jazz
d938da59-aeeb-4672-981a-587e3a6fb1ec,contemporary vocal jazz
d6d66aea-7572-4a1a-9236-4f776cdfd55c,jazz pop
5a688480-c4aa-4469-9c2e-9e0b0be1aef1,focus beats
6ea3d993-662b-4072-a683-48567505329a,rkt
335a816f-96af-4e89-b322-b477d6074875,lilith
7a5c3713-f98b-4b5e-92e3-dd8af12cd5d6,scottish singer-songwriter
c533c102-e416-4149-bca9-d1a13c21881b,bedroom r&b
e5b1fb0c-bc27-44da-9bc1-f58623b54239,bleep techno
a09a4c7d-a2c6-43c9-87a4-c43d53c5f8da,art pop
fd23cd3d-dd99-4796-b883-01f07d90c769,sad lo-fi
640baf5f-f504-4ee3-8df7-e97edadd1fab,dreamo
f881eeff-f1a6-42f6-8fff-cffc36605582,indie surf
f211160b-e26c-41ca-a420-709c9280cf62,surf punk
b377e69d-1423-4399-8ee4-b6c1bbff1f59,vegas indie
2c2d35db-9fec-41e9-8bc4-51894c5cafbb,indie rock italiano
d25a61fa-e319-476b-a040-a1914e760ee4,italian pop
60cdd237-b4e8-4ed6-9222-5cebc77ca5b6,newcastle nsw indie
02a53f3d-60c8-4b19-b11b-51f8f8adc4d5,britpop
f2671491-22d6-46eb-ab99-ef6e0129708a,oxford indie
2da03cc1-901d-4907-be2a-2e48509f1996,yacht rock
46c42420-4971-4930-8550-5fcbea57cc0c,europop
85e4c285-93ab-4b15-8c40-6ce7be7fe637,swedish pop
369e93f8-8fb8-4dd9-9d0d-765e073f0d1d,punk blues
7b1de9dd-9d23-4aa4-bbb0-ac068f49466b,merseybeat
b4d9831c-2b98-4739-974e-09e23bef6789,viral pop
d2ceca5f-1537-46bd-bd27-5eead8d2371f,bedroom pop
77e2eb62-c3e8-41f1-b521-4c83f3a10221,protopunk
cb6592c4-9530-482d-8a5b-6b5b72d2f822,puerto rican pop
5212336c-bec2-4c18-be70-68e575fee605,brass band
2570e7c6-fcd4-4aae-8579-9a5c595265c0,instrumental funk
0bf7a9cf-5071-4cd8-b95b-5b690b152333,dancehall queen
a04136b7-2478-4a8b-84d4-3b71038bba02,avant-garde jazz
05c8fd2e-fa6d-4e6b-ad9a-f9ed0908fce4,free jazz
21a0d117-e6c9-451c-9175-a3b412692e1b,jazz saxophone
2c3412c5-289b-4487-b925-0ce459999743,spiritual jazz
1c0f9ce9-d3b0-4458-b7e2-2704378458bd,dubstep
f8b8125d-5831-45b5-9960-ee3991c696d7,melodic dubstep
ddacb4bc-931d-4c53-95a6-c8996f5bd3c3,progressive trance
9637bfd7-0318-4a44-9784-e1a21067edb9,anime score
7e402302-c295-4b26-b518-da1eb1b45ec0,rally house
ddb504cf-94a2-472c-9057-57fe7311338f,canadian electronic
04f7b088-937c-4457-9874-54434909db2e,rap canario
8b729758-0066-4af3-94fa-aaad4d56c5e7,german house
aeed8688-6b54-4a33-b929-dc148da6967a,country rock
d0a5f596-9d4d-44fb-a5dc-f301da041f73,southern rock
4f46d1a5-cafa-4e56-b09f-350939c8e740,swamp rock
46478386-dc31-4214-a29a-3ae2bf215bdb,australian psych
71a90dae-5aae-4805-8c78-bc81f795809c,mambo chileno
8ef205b1-7f3e-4ac2-9dbe-d73daf6ffdd4,danish indie
e6e23aa8-10ea-4838-a638-c948782c739b,experimental pop
6dd7e425-119d-4c58-b830-a0d667164086,macedonian electronic
0a4e5e44-8193-4731-baa4-e8c0876478e7,dutch edm
1043f11e-d18c-4b24-b357-17c60f265249,funk ostentacao
531d6127-070e-4627-9404-4f8f4597ec01,lo-fi cover
475a6078-93a5-47db-b5a3-76926612fd96,piano worship
4eb631c3-9a42-4bb5-9297-4bfd077f1628,vbs
85be9993-ada3-487b-8e38-3ce21d5d19da,funk paulista
2e7084de-b0ca-428f-b034-7dae9b101550,american contemporary classical
2c89a786-643e-453b-83c7-8fbe97165528,contemporary classical
3cb367d5-5127-4ef2-9634-0905c51fd303,minimalism
42a80424-79bf-4640-9d02-5845559b1301,deep latin christian
c017af77-16eb-4a05-a92b-d458056fdc58,chilean rock
cc9d4796-84ba-49f2-80a4-f60f6ff17d91,concepcion indie
4531ee8a-eae6-417a-abc5-a79ad71fb5dd,german dance
509cebba-3636-4570-ba09-f01b9e960712,latin christian
4d9bdc75-9977-47f7-a0e9-9e6a55d345d5,latin worship
1876df2c-b313-4398-a394-725f9bd1c400,rosario indie
4feeda4a-156b-48f4-8f80-4bdaa229831c,miami hip hop
1abbae1e-3ace-462f-ae38-0bb88abc30bb,dixieland
d64b2d33-612e-4fca-9482-d20c7f9a8e3a,harlem renaissance
22324b4c-6937-4098-bde8-3e2b0123095c,jazz trumpet
2e83a887-fa92-4d99-b608-1d3d4b131a2d,new orleans jazz
51ba600d-2ebc-4d98-8468-f94ba898c450,swing
8b4faf54-9618-44d7-95a9-d6c1f9cf875e,channel islands indie
6e649ebf-f83c-4313-a051-923bc5b10131,hyperpop
ecd3b363-b677-4b9e-a98a-b649f98366c7,vapor soul
3fb8c23f-9c4d-46e3-bb96-4da0c179ba89,uk alternative pop
cfef5599-9a26-47f1-8cc0-5cd2bf052da2,uk post-punk
6e31fa46-08b5-45bf-a9b9-736e371bc299,brooklyn indie
72325671-81c1-4666-8ad3-7d262e9e2348,madchester
4fdfd040-57a7-4ed6-b3e5-75efa9e8f7b3,noise pop
29d178f9-54c6-4e32-9b84-361d7b4c7808,rock drums
69db66ef-d353-48ba-bea0-8c28087be4ae,chillstep
a06251de-f57d-478d-a5f4-db8d69a69843,clap and tap
9a788142-dce4-4933-a3d9-887a9e236813,r&b francais
8bc5d030-1952-46fd-b782-df6364b9a94d,rap conscient
fcbfa89d-f541-4719-8075-80b3862c3625,rap boricua
bd6d300b-a810-4987-8af8-75f09eda1535,lo-fi house
d9fcda2b-8182-44c5-a445-791ac330d7d8,classic russian rock
b5b69627-229d-41eb-9f13-96dd189023df,russian rock
168b1765-52d8-42ac-b965-ee78df87b50a,retro soul
736ee904-6be6-433b-9503-cde59b5919da,tierra caliente
df3ace00-2975-45bb-9222-29581f9669c0,alternative country
40e65ece-66be-4529-b615-034d54cfed9d,heartland rock
aeb07a18-a256-42b5-8cd5-c6124366f066,roots rock
afd48b9a-e92d-46b9-86d4-56060cb23e5a,indie r&b
4fc5b987-e357-4309-9281-060c295e1f22,hypnagogic pop
e5529e28-253d-4b86-a3a7-45083063d16c,utopian virtual
22eb3016-4d1d-4cb2-b90c-f49a3269a9b3,norwegian hip hop
a6ef5cff-a209-47e4-b18f-18eaaf685864,romanian house
85bdfd06-be97-44e1-9f3d-73626ce998ca,bassline
e3dc6d24-830a-401b-b08f-8d854c0424e1,bass trap
7b6d0669-31cb-4fd6-a1fb-3453d189efa9,future house
adf708fa-6cc7-4ed5-8367-d1d66aa8448d,electro
8c8b1d7d-fdd2-4d11-9e62-9c51941b2df3,north carolina hip hop
cd015a3a-d9dd-46ce-b298-b18f34f6011b,gruperas inmortales
707aed41-2ade-4955-8e3c-557a8ca769f8,musica mexicana
a0308545-9380-4d46-aea9-6b6ce00018c4,nu-cumbia
1cc77789-d05c-4fea-9ad7-04a5f7ecba9e,ranchera
50423866-4d38-494c-bec0-a1b0fbe4df6f,tropical
52628593-3839-44f2-b432-d14afb6c8dcb,rap rock
fb353c23-c2ca-4be1-b82a-7a8e223bb4a3,g funk
4926c899-e855-4c64-bd35-1339699e4ae5,chicago house
bd115dcc-10ca-4158-9133-7f944ad67a85,chill phonk
3084f51f-a23c-4260-acd6-2aa41f5485ef,drift phonk
81f4b4e2-a2fb-4a09-8d98-4a8dbc6b37df,detroit trap
77924dcb-5b3e-4460-b345-757d0f59b17c,classical cello
285a1199-6c8c-4fa0-9cf2-c775933e1577,classical performance
29451b96-21f9-4c62-8820-2ba7e61dc51b,post-minimalism
5d6be156-468d-4cdd-b8a6-b660f2be2a07,synth funk
fc794cfb-ac3e-49b7-8652-6c928b36bc47,birmingham metal
0c27b483-101b-456a-ac26-0efbb6ebe804,stoner rock
9cab5218-f369-454b-b991-716d8a9ad56e,uk doom metal
438c6ef2-5fb7-4401-816a-ca9fda188c51,dream pop
355868ef-adb2-428f-9146-c9bb8170c842,melancholia
c808e5c5-f8fe-43be-84c8-aded9714afb9,shoegaze
30e99161-7a65-4ecf-993c-f50cacf56f85,slowcore
c5722458-1399-4084-92de-d53e37b96ad4,classic country pop
8e0573ad-8d46-4157-85f3-be20820b1af5,folk
2697aae1-af59-4ec4-8bce-46794d2137b5,barbadian pop
02097254-ab03-45bb-8742-20999d24121e,melodic drill
6eae558e-22bb-40d8-b35d-8fb468852db7,528hz
a8c50402-854d-4ec1-9206-eb1ecfb09066,jazz blues
b1fac6b3-1887-4b73-ad13-d099b0ab03e0,big beat
ed2f197e-cda2-4058-be1a-8f2e8df99fee,breakbeat
70fe4788-5da3-497c-8d51-b77734f9fe31,classic progressive house
9bc03294-09c6-4715-addb-63b046181b95,nu skool breaks
9abf12a2-ae4d-45e0-b992-43207187c2f5,cologne electronic
df1d4ce2-98c9-4e2b-aecb-8df07cae5abb,musica tocantinense
6f3b4719-544d-4a77-a08e-051106e98a9a,detroit hip hop
4c2d5805-3842-4572-b822-29601c5abd10,techno remix
9af9286a-96d0-4716-9fdf-51dc157ef560,proto-metal
941ad608-50a3-4af1-bf7c-d60a3c447162,healing hz
4c0f3470-6ac6-4d00-9bea-d6b7dce1480f,hip-hop experimental
37cb5bdb-484a-4927-8925-a0205a9659db,rap marseille
6a61a79a-fd97-481e-b833-d9dba3edd2dc,modern alternative pop
c60ff32a-494e-496b-b751-93c15d728504,dancehall
760a8754-8376-4d62-aea5-31b09c6adf5a,nigerian hip hop
6f0475e5-cf16-447c-b61c-bd753e0363f6,argentine indie rock
1b0d61db-fda5-4d4d-867f-83269875076c,float house
70269e27-ac85-4031-a7b3-ce5eb5a055ce,chilean hardcore
f843fcbc-b158-4045-ba7c-aea282b26aac,ska chileno
5ad4f36d-59e1-49d4-a5ae-d85c64599abe,boom bap
cd691e92-0ee4-4c76-8849-377684a7d6f3,buffalo hip hop
5d2732a1-636f-483b-b40e-64a30ab8c5ae,upstate ny rap
9377889b-07d3-411a-94b1-1a16bd3f4732,latinx alternative
6142f1aa-4c43-4e4c-86e6-b8738a421d20,folclore tucumano
6b30b616-0a6c-491d-88c1-670bc16b1277,folklore argentino
598bb0e5-d81e-4964-bbc0-2ccb13e581a2,jazz guitar
540dbd02-3f74-49d4-b0a1-36b2c8d3fb4f,bossa nova
d8c64c89-875d-48f1-8fa9-648d90b29587,brazilian jazz
cc564370-7dae-4c3f-85ff-4766198d028a,violao classico
b68b89bc-15aa-4c32-a2f6-510d1d0412c2,experimental r&b
eab8d06f-41e3-42a9-90f5-89a3601f2277,samba-jazz
d7e92d41-9184-4c9a-89a8-3b0494421e65,greek indie
fbeabda2-2f2e-45b6-98e2-68e0ccd9b8ae,trance
fe2d318d-327d-4c70-a098-6152e13f1844,canadian rock
ddd8fe52-8ea6-472f-a97e-2c5f31fe404a,r&b argentino
b9e979b7-8f70-486a-90bb-2506dc84e810,hungarian edm
2f334ada-4fd2-4aed-9767-60afe1c7e5ad,israeli pop
57ed8938-7468-4a5b-b157-fe7715d77cfa,polish classical
ec8cad10-9d3b-4fe9-9d2a-483abffc832b,rap mineiro
ac8b24b6-16b8-4a8b-a590-07c0a1ec9dac,german baroque
60e9b9af-7887-40da-9fa1-13515590876e,galante era
a47c310f-734e-44ff-aba8-4d2c42d76c74,argentine telepop
772d8223-5623-47e9-baaa-fde7c875014d,mexican hip hop
7bf30be1-0cef-4df4-891b-114b95ec42c5,trap mexicano
5964042a-635f-4e17-a03f-ba041702a2ad,torch song
4fb201b8-dbe7-4dfd-8b68-8edd8c6e71aa,virginia hip hop
62af09a2-fdee-44df-81ff-51b96d9ce0e3,re:techno
94ba7bfa-483b-422c-8aaa-8c2d03a399dc,modern indie pop
b19cecb1-edd7-4fd9-ab8d-5960b74a3b93,auckland indie
e5b93a55-375d-4896-92b2-a5174e9e103c,cloud rap
40ec3738-e751-43f2-ace4-0944753cb443,irish singer-songwriter
0386fe4a-6029-451a-ab08-119c0fb205bc,lo-fi emo
265d838f-3dec-409e-8829-ddd8a2891fc7,lo-fi indie
9c00e54c-5467-42c5-969b-9c53d25edaf3,small room
f5bd5664-afa7-4139-a0e8-4b695d9c996e,azonto
2077298b-b64d-4b7d-9b08-d460c98aceb6,nyc pop
e5f89895-d4e6-4057-85bb-e974aaaf3d17,scottish new wave
76555cc1-f6e8-44fa-a02f-052059320246,supergroup
6da88e4a-96cb-4414-807d-cb11743ceb76,neotango
18bec86b-7b40-4224-8927-e3d7e0fb9f6c,tango
04a42260-4c92-48c4-8bcb-2ac156aaba4c,manso indie
c55cb0a3-024a-4fb7-8965-aea18292dc82,hawaiian
d4f2d6b4-a7a6-46de-bbe6-1acee617bbb8,canadian electropop
63c61e54-bfd2-466d-856c-9bd2d3f023cf,grave wave
53744357-7f2d-49f9-8dbd-72c34651ab5c,memphis soul
f684bbd6-0a9d-4e03-83ec-6ddde9b9c763,soul blues
b20b5c89-06a4-456a-91f6-1e5e0509fe2d,southern soul
c900c04f-ae9b-403c-9cf4-9b25c43f9c60,modern country pop
43febbba-bbbf-4112-88ba-5be6372b28e1,japanese soundtrack
705b788f-aa7e-4c4f-a9f6-99f4e7dc3510,tropical alternativo
6e7f1586-4a87-4dba-bf48-015ecafa1f5e,brazilian classical
10e8e2aa-8c5f-4541-9fdd-74693ea95443,latin classical
5694a935-3693-47a8-900e-a0d01f734c65,mpb
79b6353e-3847-491f-b054-f707b1d0f37e,japanese classical
97e04d64-c510-48d0-94e1-c3581cc18a03,japanese contemporary classical
15119e0e-f9bc-4a92-9baa-1cf85613e9b3,experimental jazz
e079f9c5-acf7-44e0-a10e-752817b7e98c,diva house
0845be95-12f7-4995-b5dd-db03768da085,canadian contemporary r&b
9016f273-8171-4984-9bd1-7615e78a38b8,r&drill
1104e403-2d6f-46fd-9a4f-62037146baa4,french shoegaze
b66d1878-ba7d-44f4-a6d7-e8cf161921a8,french synthpop
ea93a32d-060f-4752-86d3-7cec405af122,pittsburgh rap
62053baf-0530-4675-a32c-f1036b07b4c4,irish rock
47307d17-90eb-4f29-a4c4-bc285161adeb,northern irish indie
a242b5fa-015e-43b7-956e-6872b84d3324,rock independant francais
2479f65d-643a-47ff-80c1-6c73a6799fa0,blues
451dea1a-b122-4f32-b424-f0a759c1db55,chicago blues
3f595ca6-8cd6-456c-9bfa-369a4ca61900,electric blues
2a973774-adb7-4c09-b2b9-b21900add4ad,traditional blues
7913af8c-2f4a-4e14-9576-e4d80f7c6672,neoclassical darkwave
35b0b1c4-f4b7-4f66-bf63-1e615d4e7c2c,socal pop punk
c9dc8458-161c-4350-a609-cf54819be7f1,indie emo
8dfd68e9-846f-481e-a9f8-580bdb00d3bf,destroy techno
17a5db3d-5ddc-4e18-9ef1-989c0443fc7d,broadway
51eaa3f8-dc2e-4c13-81d3-560565f3564f,show tunes
c57761f3-93e5-4d76-b09e-7cd039506eda,lithuanian edm
7d33e0d1-ab2e-4df1-915c-2fcaa9e95b06,lithuanian electronic
218eae26-5e52-4a4d-aae2-664dcf543550,classical harp
9d216eef-adc7-445d-9a8b-be3e7c6512e8,background piano
e49ca794-e3ff-46f0-88a5-56b8b36ccc73,french orchestra
523d417e-0264-443e-8f49-ee1e2ea8e7ed,atl trap
2f97e79c-16c5-4a85-afb1-2b783e4f5b99,big band
26caca2a-3aff-4855-ad63-5fd066767b00,jazz trombone
360990d6-ffb5-4df7-b414-1e9e75087508,african-american classical
e938f02a-af11-4c28-bdbb-9beb06c4e3f9,hamburg electronic
9132fbf6-85c5-40ce-bf34-5afd6bb2388f,canadian folk
3828112f-3a82-4e95-b9d2-07bf70e13120,bachata
a4eef85a-0568-493d-8081-307fe83893b9,k-pop
d8b94c71-4106-412e-8ee3-8a107b014bcf,edmonton indie
b2727293-cd48-4218-844d-80380c4e3ee5,slacker rock
587c440d-f895-48d6-9f7d-eb78101bdb70,philly indie
cadc37c2-7bf1-4e4e-acc7-6d1668c0b0b4,boston indie
cee3071b-abc7-462f-99b8-852bb95523c3,indie garage rock
5a659f34-98ed-4646-aa85-2cf2dd77f712,smooth saxophone
99cc5f54-6230-444b-a6be-53cc0f0a82a8,beatlesque
aa9044da-1803-4557-964c-cb70a1e79338,bitpop
869aed6b-3a32-4e39-bc5d-88b5dd29bc4d,digital hardcore
6f158af7-b902-409d-b853-fbbe4a975955,nintendocore
df5fba33-f02d-442b-9a39-f07ee30a11c5,cumbia paraguaya
412d44d9-5bae-400d-b928-b1802e053f40,punk
d6d335e0-3787-4366-b691-7e2694deff90,italian hip hop
fbfe496d-23ca-4ebf-9b38-7bc617b1932a,trap italiana
0dc1a723-e316-42fa-bf8c-8119fb54febb,avant-garde
ef588dc9-0031-4646-916b-1cf70602c6da,jazz harp
67a5a78f-9f51-450c-be29-6a7ddb4ad85a,space age pop
0ecb28fa-73c0-4d95-a15d-b7ed0730727d,cuban alternative
